Noise Level,Macro F1,F1 Drop
0.05,0.8918073171543659,-0.0017169376279917437
0.15,0.8731812071458163,0.01690917238055789
0.3,0.8627970041322315,0.02729337539414267
